product_name,price_HT,price_TTC,tax(%),stock,rating,category_name
Vagabonding: An Uncommon Guide to the Art of Long-Term World Travel,36.94,36.94,0,8,2,Travel
"1,000 Places to See Before You Die",26.08,26.08,0,1,5,Travel
The Great Railway Bazaar,30.54,30.54,0,6,1,Travel
It's Only the Himalayas,45.17,45.17,0,19,2,Travel
A Summer In Europe,44.34,44.34,0,7,2,Travel
See America: A Celebration of Our National Parks & Treasured Sites,48.87,48.87,0,14,3,Travel
Neither Here nor There: Travels in Europe,38.95,38.95,0,3,3,Travel
Full Moon over Noahâs Ark: An Odyssey to Mount Ararat and Beyond,49.43,49.43,0,15,4,Travel
A Year in Provence (Provence #1),56.88,56.88,0,6,4,Travel
The Road to Little Dribbling: Adventures of an American in Britain (Notes From a Small Island #2),23.21,23.21,0,3,1,Travel
Under the Tuscan Sun,37.33,37.33,0,7,3,Travel
Murder at the 42nd Street Library (Raymond Ambler #1),54.36,54.36,0,12,4,Mystery
1st to Die (Women's Murder Club #1),53.98,53.98,0,1,1,Mystery
A Study in Scarlet (Sherlock Holmes #1),16.73,16.73,0,14,2,Mystery
That Darkness (Gardiner and Renner #1),13.92,13.92,0,14,1,Mystery
The Silkworm (Cormoran Strike #2),23.05,23.05,0,3,5,Mystery
Extreme Prey (Lucas Davenport #26),25.4,25.4,0,3,3,Mystery
In the Woods (Dublin Murder Squad #1),38.38,38.38,0,6,2,Mystery
Delivering the Truth (Quaker Midwife Mystery #1),20.89,20.89,0,7,4,Mystery
The Last Mile (Amos Decker #2),54.21,54.21,0,14,2,Mystery
Poisonous (Max Revere Novels #3),26.8,26.8,0,12,3,Mystery
The Bachelor Girl's Guide to Murder (Herringford and Watts Mysteries #1),52.3,52.3,0,7,5,Mystery
Boar Island (Anna Pigeon #19),59.48,59.48,0,12,3,Mystery
The Mysterious Affair at Styles (Hercule Poirot #1),24.8,24.8,0,6,4,Mystery
A Time of Torment (Charlie Parker #14),48.35,48.35,0,14,5,Mystery
A Murder in Time,16.64,16.64,0,16,1,Mystery
Most Wanted,35.28,35.28,0,12,3,Mystery
The No. 1 Ladies' Detective Agency (No. 1 Ladies' Detective Agency #1),57.7,57.7,0,1,4,Mystery
Hide Away (Eve Duncan #20),11.84,11.84,0,12,1,Mystery
"In a Dark, Dark Wood",19.63,19.63,0,18,1,Mystery
Playing with Fire,13.71,13.71,0,11,3,Mystery
The Exiled,43.45,43.45,0,3,3,Mystery
Tastes Like Fear (DI Marnie Rome #3),10.69,10.69,0,14,1,Mystery
The Cuckoo's Calling (Cormoran Strike #1),19.21,19.21,0,3,1,Mystery
Blood Defense (Samantha Brinkman #1),20.3,20.3,0,1,3,Mystery
What Happened on Beale Street (Secrets of the South Mysteries #2),25.37,25.37,0,7,5,Mystery
The Girl In The Ice (DCI Erika Foster #1),15.85,15.85,0,1,3,Mystery
Sharp Objects,47.82,47.82,0,20,4,Mystery
The Past Never Ends,56.5,56.5,0,16,4,Mystery
Career of Evil (Cormoran Strike #3),24.72,24.72,0,3,2,Mystery
The Murder of Roger Ackroyd (Hercule Poirot #4),44.1,44.1,0,15,4,Mystery
The Widow,27.26,27.26,0,11,2,Mystery
The Girl You Lost,12.29,12.29,0,1,5,Mystery
World Without End (The Pillars of the Earth #2),32.97,32.97,0,5,4,Historical Fiction
The Secret Healer,34.56,34.56,0,1,3,Historical Fiction
The Marriage of Opposites,28.08,28.08,0,14,4,Historical Fiction
Glory over Everything: Beyond The Kitchen House,45.84,45.84,0,14,3,Historical Fiction
The Constant Princess (The Tudor Court #1),16.62,16.62,0,7,3,Historical Fiction
Lilac Girls,17.28,17.28,0,11,2,Historical Fiction
Between Shades of Gray,20.79,20.79,0,3,5,Historical Fiction
A Spy's Devotion (The Regency Spies of London #1),16.97,16.97,0,1,5,Historical Fiction
The House by the Lake,36.95,36.95,0,15,1,Historical Fiction
While You Were Mine,41.32,41.32,0,1,5,Historical Fiction
The Red Tent,35.66,35.66,0,3,5,Historical Fiction
Girl in the Blue Coat,46.83,46.83,0,3,2,Historical Fiction
A Flight of Arrows (The Pathfinders #2),55.53,55.53,0,16,5,Historical Fiction
The Passion of Dolssa,28.32,28.32,0,4,5,Historical Fiction
The Invention of Wings,37.34,37.34,0,6,1,Historical Fiction
The Last Painting of Sara de Vos,55.55,55.55,0,3,2,Historical Fiction
"Love, Lies and Spies",20.55,20.55,0,12,2,Historical Fiction
Voyager (Outlander #3),21.07,21.07,0,3,5,Historical Fiction
Lost Among the Living,27.7,27.7,0,1,4,Historical Fiction
Forever and Forever: The Courtship of Henry Longfellow and Fanny Appleton,29.69,29.69,0,16,3,Historical Fiction
A Paris Apartment,39.01,39.01,0,12,4,Historical Fiction
Girl With a Pearl Earring,26.77,26.77,0,4,1,Historical Fiction
Tipping the Velvet,53.74,53.74,0,20,1,Historical Fiction
Starlark,25.83,25.83,0,1,3,Historical Fiction
The Guernsey Literary and Potato Peel Pie Society,49.53,49.53,0,3,1,Historical Fiction
Mrs. Houdini,30.25,30.25,0,15,5,Historical Fiction
I am a Hero Omnibus Volume 1,54.63,54.63,0,16,3,Sequential Art
"The Demon Prince of Momochi House, Vol. 4 (The Demon Prince of Momochi House #4)",27.88,27.88,0,4,2,Sequential Art
"Fruits Basket, Vol. 6 (Fruits Basket #6)",20.96,20.96,0,6,4,Sequential Art
"Paper Girls, Vol. 1 (Paper Girls #1-5)",21.71,21.71,0,1,4,Sequential Art
"Adulthood Is a Myth: A ""Sarah's Scribbles"" Collection",10.9,10.9,0,14,2,Sequential Art
"So Cute It Hurts!!, Vol. 6 (So Cute It Hurts!! #6)",35.43,35.43,0,14,4,Sequential Art
"Fruits Basket, Vol. 7 (Fruits Basket #7)",19.57,19.57,0,7,1,Sequential Art
"Grayson, Vol 3: Nemesis (Grayson #3)",42.72,42.72,0,3,1,Sequential Art
"The Sandman, Vol. 1: Preludes and Nocturnes (The Sandman (volumes) #1)",54.12,54.12,0,1,3,Sequential Art
"Lumberjanes, Vol. 2: Friendship to the Max (Lumberjanes #5-8)",46.91,46.91,0,16,2,Sequential Art
The Shadow Hero (The Shadow Hero),33.14,33.14,0,15,1,Sequential Art
"Wonder Woman: Earth One, Volume One (Wonder Woman: Earth One #1)",37.34,37.34,0,14,4,Sequential Art
Tsubasa: WoRLD CHRoNiCLE 2 (Tsubasa WoRLD CHRoNiCLE #2),16.28,16.28,0,16,1,Sequential Art
Persepolis: The Story of a Childhood (Persepolis #1-2),39.13,39.13,0,3,1,Sequential Art
Patience,10.16,10.16,0,16,3,Sequential Art
Through the Woods,25.38,25.38,0,14,2,Sequential Art
"We Are Robin, Vol. 1: The Vigilante Business (We Are Robin #1)",53.9,53.9,0,14,1,Sequential Art
Batman: The Long Halloween (Batman),36.5,36.5,0,15,2,Sequential Art
"Y: The Last Man, Vol. 1: Unmanned (Y: The Last Man #1)",18.51,18.51,0,1,4,Sequential Art
This One Summer,19.49,19.49,0,16,4,Sequential Art
"Lumberjanes, Vol. 1: Beware the Kitten Holy (Lumberjanes #1-4)",45.61,45.61,0,16,3,Sequential Art
El Deafo,57.62,57.62,0,14,5,Sequential Art
The Complete Maus (Maus #1-2),10.64,10.64,0,1,3,Sequential Art
"Red Hood/Arsenal, Vol. 1: Open for Business (Red Hood/Arsenal #1)",25.48,25.48,0,14,2,Sequential Art
"The Wicked + The Divine, Vol. 1: The Faust Act (The Wicked + The Divine)",36.52,36.52,0,1,2,Sequential Art
"Fruits Basket, Vol. 2 (Fruits Basket #2)",11.64,11.64,0,2,5,Sequential Art
"Ms. Marvel, Vol. 1: No Normal (Ms. Marvel (2014-2015) #1)",39.39,39.39,0,1,4,Sequential Art
"Ajin: Demi-Human, Volume 1 (Ajin: Demi-Human #1)",57.06,57.06,0,1,4,Sequential Art
"The Wicked + The Divine, Vol. 3: Commercial Suicide (The Wicked + The Divine)",14.41,14.41,0,3,3,Sequential Art
"Rat Queens, Vol. 1: Sass & Sorcery (Rat Queens (Collected Editions) #1-5)",46.96,46.96,0,1,5,Sequential Art
"The Sandman, Vol. 2: The Doll's House (The Sandman (volumes) #2)",54.81,54.81,0,2,1,Sequential Art
"The Sandman, Vol. 3: Dream Country (The Sandman (volumes) #3)",55.55,55.55,0,3,5,Sequential Art
The Nameless City (The Nameless City #1),38.16,38.16,0,16,4,Sequential Art
"Saga, Volume 5 (Saga (Collected Editions) #5)",51.04,51.04,0,16,2,Sequential Art
"Rat Queens, Vol. 3: Demons (Rat Queens (Collected Editions) #11-15)",50.4,50.4,0,16,3,Sequential Art
Lumberjanes Vol. 3: A Terrible Plan (Lumberjanes #9-12),19.92,19.92,0,16,2,Sequential Art
"Fruits Basket, Vol. 9 (Fruits Basket #9)",33.95,33.95,0,9,4,Sequential Art
"Skip Beat!, Vol. 01 (Skip Beat! #1)",42.12,42.12,0,1,3,Sequential Art
Awkward,38.02,38.02,0,3,2,Sequential Art
"Fruits Basket, Vol. 5 (Fruits Basket #5)",16.33,16.33,0,5,1,Sequential Art
Scott Pilgrim's Precious Little Life (Scott Pilgrim #1),52.29,52.29,0,19,5,Sequential Art
orange: The Complete Collection 1 (orange: The Complete Collection #1),48.41,48.41,0,16,1,Sequential Art
"Fruits Basket, Vol. 4 (Fruits Basket #4)",50.44,50.44,0,4,4,Sequential Art
"Giant Days, Vol. 1 (Giant Days #1-4)",56.76,56.76,0,1,4,Sequential Art
Camp Midnight,17.08,17.08,0,16,4,Sequential Art
"Death Note, Vol. 5: Whiteout (Death Note #5)",52.41,52.41,0,5,1,Sequential Art
"Saga, Volume 1 (Saga (Collected Editions) #1)",28.48,28.48,0,1,1,Sequential Art
"Naruto (3-in-1 Edition), Vol. 14: Includes Vols. 40, 41 & 42 (Naruto: Omnibus #14)",38.39,38.39,0,14,2,Sequential Art
Original Fake,31.45,31.45,0,3,3,Sequential Art
"Fables, Vol. 1: Legends in Exile (Fables #1)",41.62,41.62,0,15,4,Sequential Art
"Hawkeye, Vol. 1: My Life as a Weapon (Hawkeye #1)",45.24,45.24,0,1,3,Sequential Art
"Saga, Volume 3 (Saga (Collected Editions) #3)",21.57,21.57,0,3,5,Sequential Art
"Death Note, Vol. 6: Give-and-Take (Death Note #6)",36.39,36.39,0,6,3,Sequential Art
"Princess Jellyfish 2-in-1 Omnibus, Vol. 01 (Princess Jellyfish 2-in-1 Omnibus #1)",13.61,13.61,0,16,5,Sequential Art
"Pop Gun War, Volume 1: Gift",18.97,18.97,0,16,1,Sequential Art
"Codename Baboushka, Volume 1: The Conclave of Death",36.72,36.72,0,16,4,Sequential Art
"Fruits Basket, Vol. 3 (Fruits Basket #3)",45.17,45.17,0,3,2,Sequential Art
Prodigy: The Graphic Novel (Legend: The Graphic Novel #2),43.63,43.63,0,3,3,Sequential Art
Lowriders to the Center of the Earth (Lowriders in Space #2),51.51,51.51,0,14,2,Sequential Art
"Ouran High School Host Club, Vol. 1 (Ouran High School Host Club #1)",29.87,29.87,0,1,3,Sequential Art
"Bitch Planet, Vol. 1: Extraordinary Machine (Bitch Planet (Collected Editions))",37.92,37.92,0,16,2,Sequential Art
Superman Vol. 1: Before Truth (Superman by Gene Luen Yang #1),11.89,11.89,0,14,5,Sequential Art
"Bleach, Vol. 1: Strawberry and the Soul Reapers (Bleach #1)",34.65,34.65,0,1,5,Sequential Art
"Black Butler, Vol. 1 (Black Butler #1)",49.31,49.31,0,3,1,Sequential Art
Roller Girl,14.1,14.1,0,8,5,Sequential Art
"Fruits Basket, Vol. 1 (Fruits Basket #1)",40.28,40.28,0,1,5,Sequential Art
"I Hate Fairyland, Vol. 1: Madly Ever After (I Hate Fairyland (Compilations) #1-5)",29.17,29.17,0,16,2,Sequential Art
Danganronpa Volume 1,51.99,51.99,0,16,4,Sequential Art
"Outcast, Vol. 1: A Darkness Surrounds Him (Outcast #1)",15.44,15.44,0,16,4,Sequential Art
Batman: The Dark Knight Returns (Batman),15.38,15.38,0,15,5,Sequential Art
"Saga, Volume 2 (Saga (Collected Editions) #2)",11.75,11.75,0,2,3,Sequential Art
Robin War,47.82,47.82,0,14,3,Sequential Art
Batman: Europa,32.01,32.01,0,14,2,Sequential Art
"Giant Days, Vol. 2 (Giant Days #5-8)",22.11,22.11,0,16,2,Sequential Art
Art Ops Vol. 1,48.8,48.8,0,14,3,Sequential Art
Emma,32.93,32.93,0,1,2,Classics
The Complete Stories and Poems (The Works of Edgar Allan Poe [Cameo Edition]),26.78,26.78,0,3,4,Classics
Wuthering Heights,17.73,17.73,0,3,3,Classics
The Hound of the Baskervilles (Sherlock Holmes #5),14.82,14.82,0,4,2,Classics
Alice in Wonderland (Alice's Adventures in Wonderland #1),55.53,55.53,0,1,1,Classics
The Story of Hong Gildong,43.19,43.19,0,1,4,Classics
Candide,58.63,58.63,0,4,3,Classics
Gone with the Wind,32.49,32.49,0,4,3,Classics
Sense and Sensibility,37.46,37.46,0,1,1,Classics
The Metamorphosis,28.58,28.58,0,5,1,Classics
The Picture of Dorian Gray,29.7,29.7,0,3,2,Classics
The Secret Garden,15.08,15.08,0,5,4,Classics
Animal Farm,57.22,57.22,0,4,3,Classics
Of Mice and Men,47.11,47.11,0,1,2,Classics
The Pilgrim's Progress,50.26,50.26,0,4,2,Classics
And Then There Were None,35.01,35.01,0,3,2,Classics
Beowulf,38.35,38.35,0,3,2,Classics
The Little Prince,45.42,45.42,0,1,2,Classics
Little Women (Little Women #1),28.07,28.07,0,4,4,Classics
The Death of Humanity: and the Case for Life,58.11,58.11,0,16,4,Philosophy
Sophie's World,15.94,15.94,0,18,5,Philosophy
Meditations,25.89,25.89,0,1,2,Philosophy
Kierkegaard: A Christian Missionary to Christians,47.13,47.13,0,8,1,Philosophy
The Stranger,17.44,17.44,0,15,4,Philosophy
"At The Existentialist CafÃ©: Freedom, Being, and apricot cocktails with: Jean-Paul Sartre, Simone de Beauvoir, Albert Camus, Martin Heidegger, Edmund Husserl, Karl Jaspers, Maurice Merleau-Ponty and others",29.93,29.93,0,7,5,Philosophy
Beyond Good and Evil,43.38,43.38,0,1,1,Philosophy
The Nicomachean Ethics,36.34,36.34,0,1,1,Philosophy
"Run, Spot, Run: The Ethics of Keeping Pets",20.02,20.02,0,2,1,Philosophy
Critique of Pure Reason,20.75,20.75,0,5,1,Philosophy
Proofs of God: Classical Arguments from Tertullian to Barth,54.21,54.21,0,8,1,Philosophy
"Rhythm, Chord & Malykhin",28.34,28.34,0,1,2,Romance
Deep Under (Walker Security #1),47.09,47.09,0,1,5,Romance
The Wedding Pact (The O'Malleys #2),32.61,32.61,0,14,3,Romance
Doing It Over (Most Likely To #1),35.61,35.61,0,15,3,Romance
Suddenly in Love (Lake Haven #1),55.99,55.99,0,15,2,Romance
"Sit, Stay, Love",20.9,20.9,0,7,3,Romance
Chase Me (Paris Nights #2),25.27,25.27,0,19,5,Romance
This One Moment (Pushing Limits #1),48.71,48.71,0,1,1,Romance
The Perfect Play (Play by Play #1),59.99,59.99,0,4,3,Romance
A Walk to Remember,56.43,56.43,0,4,1,Romance
Off the Hook (Fishing for Trouble #1),47.67,47.67,0,11,3,Romance
Take Me Home Tonight (Rock Star Romance #3),53.98,53.98,0,11,3,Romance
The Wedding Dress,24.12,24.12,0,15,1,Romance
Black Dust,34.53,34.53,0,19,5,Romance
Bounty (Colorado Mountain #7),37.26,37.26,0,1,4,Romance
Dirty (Dive Bar #1),40.83,40.83,0,12,4,Romance
Charity's Cross (Charles Towne Belles #4),41.24,41.24,0,1,1,Romance
Reservations for Two,11.1,11.1,0,3,3,Romance
My Perfect Mistake (Over the Top #1),38.92,38.92,0,1,2,Romance
Dark Lover (Black Dagger Brotherhood #1),12.87,12.87,0,4,1,Romance
Her Backup Boyfriend (The Sorensen Family #1),33.97,33.97,0,16,1,Romance
The Purest Hook (Second Circle Tattoos #3),12.25,12.25,0,3,1,Romance
Changing the Game (Play by Play #2),13.38,13.38,0,4,3,Romance
A Girl's Guide to Moving On (New Beginnings #2),31.3,31.3,0,5,1,Romance
First and First (Five Boroughs #3),15.97,15.97,0,16,4,Romance
Best of My Love (Fool's Gold #20),27.41,27.41,0,3,2,Romance
Imperfect Harmony,34.74,34.74,0,1,4,Romance
Fighting Fate (Fighting #6),39.24,39.24,0,1,3,Romance
Fifty Shades Darker (Fifty Shades #2),21.96,21.96,0,16,1,Romance
The Obsession,45.43,45.43,0,3,1,Romance
Hold Your Breath (Search and Rescue #1),28.82,28.82,0,14,1,Romance
Listen to Me (Fusion #1),58.99,58.99,0,1,3,Romance
Something More Than This,16.24,16.24,0,15,4,Romance
Where Lightning Strikes (Bleeding Stars #3),39.77,39.77,0,1,3,Romance
A Gentleman's Position (Society of Gentlemen #3),14.75,14.75,0,11,5,Romance
The Nanny Diaries (Nanny #1),52.53,52.53,0,3,5,Womens Fiction
The Undomestic Goddess,45.75,45.75,0,3,4,Womens Fiction
Meternity,43.58,43.58,0,7,3,Womens Fiction
Grey (Fifty Shades #4),48.49,48.49,0,11,4,Womens Fiction
Bridget Jones's Diary (Bridget Jones #1),29.82,29.82,0,1,1,Womens Fiction
Will You Won't You Want Me?,13.86,13.86,0,12,3,Womens Fiction
I Had a Nice Time And Other Lies...: How to find love & sh*t like that,57.36,57.36,0,15,4,Womens Fiction
Twenties Girl,42.8,42.8,0,3,2,Womens Fiction
The Devil Wears Prada (The Devil Wears Prada #1),44.29,44.29,0,3,1,Womens Fiction
Shopaholic Ties the Knot (Shopaholic #3),48.39,48.39,0,4,5,Womens Fiction
Something Borrowed (Darcy & Rachel #1),48.96,48.96,0,3,5,Womens Fiction
Can You Keep a Secret?,21.94,21.94,0,4,1,Womens Fiction
Keep Me Posted,20.46,20.46,0,11,4,Womens Fiction
Some Women,13.73,13.73,0,4,5,Womens Fiction
The Edge of Reason (Bridget Jones #2),19.18,19.18,0,1,4,Womens Fiction
I've Got Your Number,19.69,19.69,0,3,1,Womens Fiction
Something Blue (Darcy & Rachel #2),54.62,54.62,0,3,1,Womens Fiction
The Time Keeper,27.88,27.88,0,14,5,Fiction
"We Love You, Charlie Freeman",50.27,50.27,0,16,5,Fiction
Thirst,17.27,17.27,0,16,5,Fiction
The Bourne Identity (Jason Bourne #1),42.78,42.78,0,7,4,Fiction
Deception Point,40.32,40.32,0,6,4,Fiction
Hystopia: A Novel,21.96,21.96,0,8,4,Fiction
The Improbability of Love,59.45,59.45,0,11,1,Fiction
Digital Fortress,58.0,58.0,0,5,5,Fiction
Crazy Rich Asians (Crazy Rich Asians #1),49.13,49.13,0,3,5,Fiction
Take Me with You,45.21,45.21,0,14,3,Fiction
The High Mountains of Portugal,51.15,51.15,0,8,1,Fiction
Last One Home (New Beginnings #1),59.98,59.98,0,5,3,Fiction
Eight Hundred Grapes,14.39,14.39,0,14,4,Fiction
The Husband's Secret,52.51,52.51,0,3,5,Fiction
The First Hostage (J.B. Collins #2),25.85,25.85,0,14,3,Fiction
My Name Is Lucy Barton,41.56,41.56,0,14,1,Fiction
Mr. Mercedes (Bill Hodges Trilogy #1),28.9,28.9,0,14,1,Fiction
Atlas Shrugged,26.58,26.58,0,4,5,Fiction
The Shack,28.03,28.03,0,9,1,Fiction
Kitchens of the Great Midwest,57.2,57.2,0,1,5,Fiction
Lies and Other Acts of Love,45.14,45.14,0,11,1,Fiction
Daredevils,16.34,16.34,0,11,3,Fiction
Balloon Animals,17.03,17.03,0,14,3,Fiction
Sister Dear,40.2,40.2,0,7,4,Fiction
Private Paris (Private #10),47.61,47.61,0,17,5,Fiction
The Art of Fielding,22.1,22.1,0,3,1,Fiction
The Nightingale,26.26,26.26,0,3,4,Fiction
Eligible (The Austen Project #4),27.09,27.09,0,14,3,Fiction
The Testament of Mary,52.67,52.67,0,14,4,Fiction
The Course of Love,16.78,16.78,0,2,3,Fiction
The Expatriates,44.58,44.58,0,5,2,Fiction
The Bette Davis Club,30.66,30.66,0,1,3,Fiction
The Infinities,27.41,27.41,0,3,1,Fiction
Finders Keepers (Bill Hodges Trilogy #2),53.53,53.53,0,15,5,Fiction
Tuesday Nights in 1980,21.04,21.04,0,15,2,Fiction
The Regional Office Is Under Attack!,51.36,51.36,0,15,5,Fiction
The Silent Wife,12.34,12.34,0,1,5,Fiction
Siddhartha,34.22,34.22,0,5,5,Fiction
The Dinner Party,56.54,56.54,0,12,2,Fiction
The Murder That Never Was (Forensic Instincts #5),54.11,54.11,0,16,3,Fiction
The Firm,45.56,45.56,0,5,3,Fiction
Soumission,50.1,50.1,0,20,1,Fiction
11/22/63,48.48,48.48,0,11,3,Fiction
Cometh the Hour (The Clifton Chronicles #6),25.01,25.01,0,14,3,Fiction
When I'm Gone,51.96,51.96,0,1,3,Fiction
Bright Lines,39.07,39.07,0,1,5,Fiction
Dear Mr. Knightley,11.21,11.21,0,14,5,Fiction
Miller's Valley,58.54,58.54,0,8,2,Fiction
The Vacationers,42.15,42.15,0,15,4,Fiction
Me Before You (Me Before You #1),19.02,19.02,0,6,1,Fiction
Lila (Gilead #3),12.47,12.47,0,3,3,Fiction
Still Life with Bread Crumbs,26.41,26.41,0,14,3,Fiction
Shtum,55.84,55.84,0,14,4,Fiction
The Da Vinci Code (Robert Langdon #2),22.96,22.96,0,3,2,Fiction
Inferno (Robert Langdon #4),41.0,41.0,0,3,5,Fiction
My Mrs. Brown,24.48,24.48,0,14,3,Fiction
I Am Pilgrim (Pilgrim #1),10.6,10.6,0,14,4,Fiction
Three-Martini Lunch,23.21,23.21,0,3,3,Fiction
Jurassic Park (Jurassic Park #1),44.97,44.97,0,3,1,Fiction
The Silent Sister (Riley MacPherson #1),46.29,46.29,0,12,5,Fiction
Mothering Sunday,13.34,13.34,0,11,2,Fiction
Big Little Lies,22.11,22.11,0,3,1,Fiction
Memoirs of a Geisha,49.67,49.67,0,7,3,Fiction
A Man Called Ove,39.72,39.72,0,14,1,Fiction
The Little Paris Bookshop,24.73,24.73,0,5,3,Fiction
The Day the Crayons Came Home (Crayons),26.33,26.33,0,3,5,Childrens
The White Cat and the Monk: A Retelling of the Poem âPangur BÃ¡nâ,58.08,58.08,0,15,4,Childrens
The Bear and the Piano,36.89,36.89,0,18,1,Childrens
Little Red,13.47,13.47,0,15,3,Childrens
Counting Thyme,10.62,10.62,0,3,1,Childrens
Nap-a-Roo,25.08,25.08,0,9,1,Childrens
Maybe Something Beautiful: How Art Transformed a Neighborhood,22.54,22.54,0,5,1,Childrens
Walt Disney's Alice in Wonderland,12.96,12.96,0,14,5,Childrens
The Lonely Ones,43.59,43.59,0,3,5,Childrens
The Whale,35.96,35.96,0,7,4,Childrens
Once Was a Time,18.28,18.28,0,14,2,Childrens
Diary of a Minecraft Zombie Book 1: A Scare of a Dare (An Unofficial Minecraft Book),52.88,52.88,0,2,4,Childrens
Raymie Nightingale,34.41,34.41,0,7,2,Childrens
The Cat in the Hat (Beginner Books B-1),16.26,16.26,0,3,2,Childrens
"Shrunken Treasures: Literary Classics, Short, Sweet, and Silly",52.87,52.87,0,7,3,Childrens
Matilda,28.34,28.34,0,1,1,Childrens
Red: The True Story of Red Riding Hood,28.54,28.54,0,3,3,Childrens
The Wild Robot,56.07,56.07,0,3,3,Childrens
Playing from the Heart,32.38,32.38,0,7,1,Childrens
Green Eggs and Ham (Beginner Books B-16),10.79,10.79,0,3,4,Childrens
Rain Fish,23.57,23.57,0,14,3,Childrens
Birdsong: A Story in Pictures,54.64,54.64,0,19,3,Childrens
Are We There Yet?,10.66,10.66,0,3,3,Childrens
Horrible Bear!,37.52,37.52,0,3,2,Childrens
The Secret of Dreadwillow Carse,56.13,56.13,0,16,1,Childrens
The Thing About Jellyfish,48.77,48.77,0,3,1,Childrens
Twenty Yawns,22.08,22.08,0,14,2,Childrens
Charlie and the Chocolate Factory (Charlie Bucket #1),22.85,22.85,0,1,3,Childrens
Luis Paints the World,53.95,53.95,0,14,3,Childrens
Choosing Our Religion: The Spiritual Lives of America's Nones,28.42,28.42,0,1,4,Religion
You Are What You Love: The Spiritual Power of Habit,21.87,21.87,0,15,4,Religion
"A History of God: The 4,000-Year Quest of Judaism, Christianity, and Islam",27.62,27.62,0,4,1,Religion
"Don't Be a Jerk: And Other Practical Advice from Dogen, Japan's Greatest Zen Master",37.97,37.97,0,16,2,Religion
God: The Most Unpleasant Character in All Fiction,30.03,30.03,0,14,5,Religion
The Bhagavad Gita,57.49,57.49,0,1,3,Religion
The Book of Mormon,24.57,24.57,0,9,3,Religion
It's Never Too Late to Begin Again: Discovering Creativity and Meaning at Midlife and Beyond,42.38,42.38,0,3,1,Nonfiction
I Am Malala: The Girl Who Stood Up for Education and Was Shot by the Taliban,28.88,28.88,0,3,2,Nonfiction
Night (The Night Trilogy #1),13.51,13.51,0,3,1,Nonfiction
"Unseen City: The Majesty of Pigeons, the Discreet Charm of Snails & Other Wonders of the Urban Wilderness",44.18,44.18,0,16,4,Nonfiction
Whole Lotta Creativity Going On: 60 Fun and Unusual Exercises to Awaken and Strengthen Your Creativity,38.2,38.2,0,14,4,Nonfiction
"Miracles from Heaven: A Little Girl, Her Journey to Heaven, and Her Amazing Story of Healing",57.83,57.83,0,3,1,Nonfiction
"Love That Boy: What Two Presidents, Eight Road Trips, and My Son Taught Me About a Parent's Expectations",25.06,25.06,0,8,2,Nonfiction
The Diary of a Young Girl,59.9,59.9,0,12,3,Nonfiction
Snatched: How A Drug Queen Went Undercover for the DEA and Was Kidnapped By Colombian Guerillas,21.21,21.21,0,12,3,Nonfiction
Finding God in the Ruins: How God Redeems Pain,46.64,46.64,0,7,2,Nonfiction
Between the World and Me,56.91,56.91,0,8,4,Nonfiction
Travels with Charley: In Search of America,57.82,57.82,0,1,5,Nonfiction
Looking for Lovely: Collecting the Moments that Matter,29.14,29.14,0,14,5,Nonfiction
"The Midnight Assassin: Panic, Scandal, and the Hunt for America's First Serial Killer",28.45,28.45,0,8,4,Nonfiction
Why Not Me?,17.76,17.76,0,8,1,Nonfiction
"Zero to One: Notes on Startups, or How to Build the Future",34.06,34.06,0,8,3,Nonfiction
The Lonely City: Adventures in the Art of Being Alone,33.26,33.26,0,12,2,Nonfiction
Notes from a Small Island (Notes From a Small Island #1),40.17,40.17,0,3,1,Nonfiction
"Trespassing Across America: One Man's Epic, Never-Done-Before (and Sort of Illegal) Hike Across the Heartland",53.51,53.51,0,3,1,Nonfiction
"The Suffragettes (Little Black Classics, #96)",11.89,11.89,0,2,2,Nonfiction
No Dream Is Too High: Life Lessons From a Man Who Walked on the Moon,21.95,21.95,0,14,2,Nonfiction
"Daring Greatly: How the Courage to Be Vulnerable Transforms the Way We Live, Love, Parent, and Lead",19.43,19.43,0,15,3,Nonfiction
A Mother's Reckoning: Living in the Aftermath of Tragedy,19.53,19.53,0,11,3,Nonfiction
Brazen: The Courage to Find the You That's Been Hiding,19.22,19.22,0,8,2,Nonfiction
Swell: A Year of Waves,45.58,45.58,0,14,1,Nonfiction
The Electric Pencil: Drawings from Inside State Hospital No. 3,56.06,56.06,0,16,1,Nonfiction
Being Mortal: Medicine and What Matters in the End,55.06,55.06,0,8,4,Nonfiction
"Rise of the Rocket Girls: The Women Who Propelled Us, from Missiles to the Moon to Mars",41.67,41.67,0,3,4,Nonfiction
"Unstuffed: Decluttering Your Home, Mind, and Soul",58.09,58.09,0,3,1,Nonfiction
Man's Search for Meaning,29.48,29.48,0,8,3,Nonfiction
Buying In: The Secret Dialogue Between What We Buy and Who We Are,37.8,37.8,0,14,4,Nonfiction
Under the Banner of Heaven: A Story of Violent Faith,30.0,30.0,0,3,1,Nonfiction
Brave Enough,51.32,51.32,0,3,5,Nonfiction
Everydata: The Misinformation Hidden in the Little Data You Consume Every Day,54.35,54.35,0,16,2,Nonfiction
The Geography of Bliss: One Grump's Search for the Happiest Places in the World,28.23,28.23,0,4,2,Nonfiction
The Tumor,41.56,41.56,0,1,5,Nonfiction
"The Sleep Revolution: Transforming Your Life, One Night at a Time",11.68,11.68,0,11,4,Nonfiction
Throwing Rocks at the Google Bus: How Growth Became the Enemy of Prosperity,31.12,31.12,0,16,3,Nonfiction
Black Flags: The Rise of ISIS,40.87,40.87,0,3,1,Nonfiction
The Name of God is Mercy,37.25,37.25,0,3,2,Nonfiction
Are We Smart Enough to Know How Smart Animals Are?,56.58,56.58,0,3,1,Nonfiction
In Cold Blood,49.98,49.98,0,6,4,Nonfiction
Furiously Happy: A Funny Book About Horrible Things,41.46,41.46,0,12,4,Nonfiction
We the People: The Modern-Day Figures Who Have Reshaped and Affirmed the Founding Fathers' Vision of America,31.95,31.95,0,3,3,Nonfiction
H is for Hawk,57.42,57.42,0,2,5,Nonfiction
The Artist's Way: A Spiritual Path to Higher Creativity,38.49,38.49,0,15,5,Nonfiction
"Born to Run: A Hidden Tribe, Superathletes, and the Greatest Race the World Has Never Seen",27.35,27.35,0,3,2,Nonfiction
I Will Find You,44.21,44.21,0,8,1,Nonfiction
Becoming Wise: An Inquiry into the Mystery and Art of Living,27.43,27.43,0,15,2,Nonfiction
Abstract City,56.37,56.37,0,14,5,Nonfiction
My Mother Was Nuts,31.63,31.63,0,5,4,Nonfiction
Very Good Lives: The Fringe Benefits of Failure and the Importance of Imagination,50.66,50.66,0,3,3,Nonfiction
For the Love: Fighting for Grace in a World of Impossible Standards,45.13,45.13,0,7,3,Nonfiction
Agnostic: A Spirited Manifesto,12.51,12.51,0,15,5,Nonfiction
The Year of Magical Thinking,43.04,43.04,0,14,2,Nonfiction
The End of the Jesus Era (An Investigation #1),14.4,14.4,0,1,1,Nonfiction
Rising Strong,21.82,21.82,0,8,3,Nonfiction
"Far & Away: Places on the Brink of Change: Seven Continents, Twenty-Five Years",15.06,15.06,0,14,4,Nonfiction
Brain on Fire: My Month of Madness,49.32,49.32,0,14,5,Nonfiction
So You've Been Publicly Shamed,12.23,12.23,0,15,2,Nonfiction
Algorithms to Live By: The Computer Science of Human Decisions,30.81,30.81,0,16,1,Nonfiction
Worlds Elsewhere: Journeys Around Shakespeareâs Globe,40.3,40.3,0,18,5,Nonfiction
The Omnivore's Dilemma: A Natural History of Four Meals,38.21,38.21,0,15,2,Nonfiction
13 Hours: The Inside Account of What Really Happened In Benghazi,27.06,27.06,0,13,1,Nonfiction
What's It Like in Space?: Stories from Astronauts Who've Been There,19.6,19.6,0,14,2,Nonfiction
The Life-Changing Magic of Tidying Up: The Japanese Art of Decluttering and Organizing,16.77,16.77,0,16,3,Nonfiction
Chernobyl 01:23:40: The Incredible True Story of the World's Worst Nuclear Disaster,35.92,35.92,0,9,2,Nonfiction
"Data, A Love Story: How I Gamed Online Dating to Meet My Match",32.35,32.35,0,5,3,Nonfiction
Why Save the Bankers?: And Other Essays on Our Economic and Political Crisis,48.67,48.67,0,5,2,Nonfiction
The Jazz of Physics: The Secret Link Between Music and the Structure of the Universe,38.71,38.71,0,4,3,Nonfiction
"In the Garden of Beasts: Love, Terror, and an American Family in Hitler's Berlin",28.85,28.85,0,3,3,Nonfiction
The Man Who Mistook His Wife for a Hat and Other Clinical Tales,59.45,59.45,0,6,4,Nonfiction
Disrupted: My Misadventure in the Start-Up Bubble,15.28,15.28,0,3,5,Nonfiction
"Mother, Can You Not?",16.89,16.89,0,11,5,Nonfiction
Talking to Girls About Duran Duran: One Young Man's Quest for True Love and a Cooler Haircut,25.15,25.15,0,5,4,Nonfiction
Reskilling America: Learning to Labor in the Twenty-First Century,19.83,19.83,0,16,2,Nonfiction
Hamilton: The Revolution,58.79,58.79,0,14,3,Nonfiction
The Bad-Ass Librarians of Timbuktu: And Their Race to Save the Worldâs Most Precious Manuscripts,15.77,15.77,0,14,1,Nonfiction
Into the Wild,56.7,56.7,0,3,5,Nonfiction
The Power of Now: A Guide to Spiritual Enlightenment,43.54,43.54,0,15,2,Nonfiction
The Genius of Birds,17.24,17.24,0,15,1,Nonfiction
Reasons to Stay Alive,26.41,26.41,0,17,2,Nonfiction
Let It Out: A Journey Through Journaling,26.79,26.79,0,14,5,Nonfiction
Big Magic: Creative Living Beyond Fear,30.8,30.8,0,15,3,Nonfiction
The Five Love Languages: How to Express Heartfelt Commitment to Your Mate,31.05,31.05,0,18,3,Nonfiction
A Walk in the Woods: Rediscovering America on the Appalachian Trail,30.48,30.48,0,3,4,Nonfiction
The Gutsy Girl: Escapades for Your Life of Epic Adventure,37.13,37.13,0,16,1,Nonfiction
"Girl, Interrupted",42.14,42.14,0,6,3,Nonfiction
In the Country We Love: My Family Divided,22.0,22.0,0,16,4,Nonfiction
#HigherSelfie: Wake Up Your Life. Free Your Soul. Find Your Tribe.,23.11,23.11,0,17,5,Nonfiction
The Literature Book (Big Ideas Simply Explained),17.43,17.43,0,14,3,Nonfiction
God Is Not Great: How Religion Poisons Everything,27.8,27.8,0,4,1,Nonfiction
Call the Nurse: True Stories of a Country Nurse on a Scottish Isle,29.14,29.14,0,16,5,Nonfiction
Stiff: The Curious Lives of Human Cadavers,36.74,36.74,0,3,3,Nonfiction
Smarter Faster Better: The Secrets of Being Productive in Life and Business,38.89,38.89,0,8,5,Nonfiction
Gratitude,26.66,26.66,0,3,5,Nonfiction
Kindle Paperwhite User's Guide,34.0,34.0,0,2,3,Nonfiction
"10% Happier: How I Tamed the Voice in My Head, Reduced Stress Without Losing My Edge, and Found Self-Help That Actually Works",24.57,24.57,0,10,2,Nonfiction
When Breath Becomes Air,39.36,39.36,0,8,2,Nonfiction
Blink: The Power of Thinking Without Thinking,21.74,21.74,0,3,5,Nonfiction
Spilled Milk: Based on a True Story,49.51,49.51,0,3,1,Nonfiction
The Gunning of America: Business and the Making of American Gun Culture,16.81,16.81,0,4,4,Nonfiction
Letter to a Christian Nation,22.2,22.2,0,3,1,Nonfiction
Living Forward: A Proven Plan to Stop Drifting and Get the Life You Want,12.55,12.55,0,8,3,Nonfiction
Let's Pretend This Never Happened: A Mostly True Memoir,45.11,45.11,0,3,1,Nonfiction
"A Murder Over a Girl: Justice, Gender, Junior High",13.2,13.2,0,8,3,Nonfiction
"Eaternity: More than 150 Deliciously Easy Vegan Recipes for a Long, Healthy, Satisfied, Joyful Life",51.75,51.75,0,14,5,Nonfiction
Outliers: The Story of Success,14.16,14.16,0,3,1,Nonfiction
Spark Joy: An Illustrated Master Class on the Art of Organizing and Tidying Up,41.83,41.83,0,16,4,Nonfiction
"Eat, Pray, Love",51.32,51.32,0,1,3,Nonfiction
"Orchestra of Exiles: The Story of Bronislaw Huberman, the Israel Philharmonic, and the One Thousand Jews He Saved from Nazi Horrors",12.36,12.36,0,4,3,Music
"Our Band Could Be Your Life: Scenes from the American Indie Underground, 1981-1991",57.25,57.25,0,19,3,Music
How Music Works,37.32,37.32,0,19,2,Music
"Chronicles, Vol. 1",52.6,52.6,0,7,2,Music
Kill 'Em and Leave: Searching for James Brown and the American Soul,45.05,45.05,0,8,5,Music
Please Kill Me: The Uncensored Oral History of Punk,31.19,31.19,0,8,4,Music
Love Is a Mix Tape (Music #1),18.03,18.03,0,14,1,Music
No One Here Gets Out Alive,20.02,20.02,0,4,5,Music
This Is Your Brain on Music: The Science of a Human Obsession,38.4,38.4,0,5,1,Music
Forever Rockers (The Rocker #12),28.8,28.8,0,1,3,Music
Life,31.58,31.58,0,2,5,Music
Rip it Up and Start Again,35.02,35.02,0,19,5,Music
Old Records Never Die: One Man's Quest for His Vinyl and His Past,55.66,55.66,0,1,2,Music
"Living Leadership by Insight: A Good Leader Achieves, a Great Leader Builds Monuments",46.91,46.91,0,14,4,Default
If I Stay (If I Stay #1),38.13,38.13,0,5,5,Default
The Dream Thieves (The Raven Cycle #2),34.5,34.5,0,5,1,Default
Maude (1883-1993):She Grew Up with the country,18.02,18.02,0,18,2,Default
The Demon-Haunted World: Science as a Candle in the Dark,52.25,52.25,0,3,4,Default
Anonymous,46.82,46.82,0,15,4,Default
The Bridge to Consciousness: I'm Writing the Bridge Between Science and Our Old and New Beliefs.,32.0,32.0,0,15,3,Default
Soul Reader,39.58,39.58,0,16,2,Default
The New Brand You: Your New Image Makes the Sale for You,44.05,44.05,0,9,5,Default
Harry Potter and the Sorcerer's Stone (Harry Potter #1),13.9,13.9,0,4,3,Default
The Art of War,33.34,33.34,0,15,5,Default
Angels & Demons (Robert Langdon #1),51.48,51.48,0,14,3,Default
Amy Meets the Saints and Sages,18.46,18.46,0,15,3,Default
The Girl Who Played with Fire (Millennium Trilogy #2),22.14,22.14,0,3,2,Default
Dark Places,23.9,23.9,0,3,5,Default
America's Cradle of Quarterbacks: Western Pennsylvania's Football Factory from Johnny Unitas to Joe Montana,22.5,22.5,0,19,3,Default
The Psychopath Test: A Journey Through the Madness Industry,36.0,36.0,0,15,2,Default
A World of Flavor: Your Gluten Free Passport,42.95,42.95,0,16,1,Default
Beauty Restored (Riley Family Legacy Novellas #3),11.11,11.11,0,15,2,Default
One for the Money (Stephanie Plum #1),32.87,32.87,0,3,2,Default
Ayumi's Violin,15.48,15.48,0,15,2,Default
Steve Jobs,39.5,39.5,0,14,5,Default
I Know Why the Caged Bird Sings (Maya Angelou's Autobiography #1),36.55,36.55,0,5,2,Default
The Giver (The Giver Quartet #1),12.3,12.3,0,3,1,Default
The Secret (The Secret #1),27.37,27.37,0,15,4,Default
Luckiest Girl Alive,49.83,49.83,0,14,3,Default
"The Three Searches, Meaning, and the Story",13.33,13.33,0,13,3,Default
The Great Gatsby,36.05,36.05,0,7,4,Default
The Makings of a Fatherless Child,31.58,31.58,0,6,2,Default
Breaking Dawn (Twilight #4),35.28,35.28,0,3,5,Default
The Paris Wife,36.8,36.8,0,3,3,Default
"The Inefficiency Assassin: Time Management Tactics for Working Smarter, Not Longer",20.59,20.59,0,16,5,Default
Death by Leisure: A Cautionary Tale,37.51,37.51,0,8,4,Default
"The Coming Woman: A Novel Based on the Life of the Infamous Feminist, Victoria Woodhull",17.93,17.93,0,19,3,Default
Adultery,20.88,20.88,0,11,5,Default
The Lover's Dictionary,58.09,58.09,0,3,2,Default
The Book Thief,53.49,53.49,0,3,2,Default
Harry Potter and the Deathly Hallows (Harry Potter #7),23.32,23.32,0,5,1,Default
Shatter Me (Shatter Me #1),42.4,42.4,0,1,1,Default
Amatus,50.54,50.54,0,15,5,Default
The Perks of Being a Wallflower,55.02,55.02,0,6,3,Default
The 5th Wave (The 5th Wave #1),11.83,11.83,0,5,2,Default
Every Last Word,46.47,46.47,0,14,3,Default
The Sound Of Love,57.84,57.84,0,6,5,Default
The Fellowship of the Ring (The Lord of the Rings #1),10.27,10.27,0,6,2,Default
Quiet: The Power of Introverts in a World That Can't Stop Talking,43.55,43.55,0,3,1,Default
The Flowers Lied,16.68,16.68,0,9,2,Default
Fool Me Once,16.96,16.96,0,5,1,Default
"A Piece of Sky, a Grain of Rice: A Memoir in Four Meditations",56.76,56.76,0,16,5,Default
Unlimited Intuition Now,58.87,58.87,0,9,4,Default
Thirteen Reasons Why,52.72,52.72,0,15,1,Default
Morning Star (Red Rising #3),29.4,29.4,0,3,1,Default
Alight (The Generations Trilogy #2),58.59,58.59,0,5,4,Default
Mockingjay (The Hunger Games #3),20.44,20.44,0,4,4,Default
Fellside,38.62,38.62,0,3,1,Default
Drama,38.7,38.7,0,5,2,Default
Outlander (Outlander #1),19.67,19.67,0,4,5,Default
Heaven is for Real: A Little Boy's Astounding Story of His Trip to Heaven and Back,52.86,52.86,0,8,2,Default
Poses for Artists Volume 1 - Dynamic and Sitting Poses: An Essential Reference for Figure Drawing and the Human Form,41.06,41.06,0,15,1,Default
Clockwork Angel (The Infernal Devices #1),44.14,44.14,0,14,1,Default
What If?: Serious Scientific Answers to Absurd Hypothetical Questions,53.68,53.68,0,5,4,Default
Life After Life,26.13,26.13,0,3,2,Default
The Autobiography of Malcolm X,23.43,23.43,0,3,2,Default
Gone Girl,37.6,37.6,0,3,5,Default
Twilight (Twilight #1),41.93,41.93,0,3,2,Default
"NaNo What Now? Finding your editing process, revising your NaNoWriMo book and building a writing career through publishing and beyond",10.41,10.41,0,9,4,Default
Troublemaker: Surviving Hollywood and Scientology,48.39,48.39,0,11,2,Default
Dracula,52.62,52.62,0,3,3,Default
Wild: From Lost to Found on the Pacific Crest Trail,46.02,46.02,0,3,3,Default
Musicophilia: Tales of Music and the Brain,46.58,46.58,0,6,1,Default
Life of Pi,13.22,13.22,0,7,4,Default
The Martian (The Martian #1),41.39,41.39,0,8,2,Default
Shiver (The Wolves of Mercy Falls #1),16.23,16.23,0,5,5,Default
Zero History (Blue Ant #3),34.77,34.77,0,3,1,Default
Bossypants,49.46,49.46,0,16,2,Default
Penny Maybe,33.29,33.29,0,18,3,Default
The Name of the Wind (The Kingkiller Chronicle #1),50.59,50.59,0,1,3,Default
First Steps for New Christians (Print Edition),29.0,29.0,0,15,1,Default
How to Speak Golf: An Illustrated Guide to Links Lingo,58.32,58.32,0,12,5,Default
Orange Is the New Black,24.61,24.61,0,3,2,Default
"Starving Hearts (Triangular Trade Trilogy, #1)",13.99,13.99,0,19,2,Default
Greek Mythic History,10.23,10.23,0,14,5,Default
Jane Eyre,38.43,38.43,0,1,5,Default
The Power of Habit: Why We Do What We Do in Life and Business,16.88,16.88,0,14,3,Default
The Zombie Room,19.69,19.69,0,1,5,Default
Ship Leaves Harbor: Essays on Travel by a Recovering Journeyman,30.6,30.6,0,6,3,Default
"Hush, Hush (Hush, Hush #1)",47.02,47.02,0,14,3,Default
Shopaholic & Baby (Shopaholic #5),46.45,46.45,0,3,2,Default
Tracing Numbers on a Train,41.6,41.6,0,15,3,Default
The Hunger Games (The Hunger Games #1),29.85,29.85,0,4,5,Default
Drive: The Surprising Truth About What Motivates Us,34.95,34.95,0,15,4,Default
Large Print Heart of the Pride,19.15,19.15,0,15,2,Default
"Where'd You Go, Bernadette",18.13,18.13,0,3,1,Default
City of Ashes (The Mortal Instruments #2),47.27,47.27,0,14,1,Default
Confessions of a Shopaholic (Shopaholic #1),48.94,48.94,0,4,2,Default
The Boys in the Boat: Nine Americans and Their Epic Quest for Gold at the 1936 Berlin Olympics,22.6,22.6,0,19,4,Default
The Fault in Our Stars,47.22,47.22,0,5,1,Default
Aladdin and His Wonderful Lamp,53.13,53.13,0,19,3,Default
The Kite Runner,41.82,41.82,0,15,4,Default
Modern Day Fables,47.44,47.44,0,9,2,Default
The Maze Runner (The Maze Runner #1),20.93,20.93,0,3,1,Default
Paradise Lost (Paradise #1),24.96,24.96,0,1,1,Default
The Shining (The Shining #1),27.88,27.88,0,4,3,Default
The Emerald Mystery,23.15,23.15,0,15,2,Default
The Hobbit (Middle-Earth Universe),17.8,17.8,0,6,5,Default
Miss Peregrineâs Home for Peculiar Children (Miss Peregrineâs Peculiar Children #1),10.76,10.76,0,15,1,Default
V for Vendetta (V for Vendetta Complete),37.1,37.1,0,14,4,Default
Done Rubbed Out (Reightman & Bailey #1),37.72,37.72,0,15,5,Default
Grumbles,22.16,22.16,0,15,2,Default
The Wright Brothers,56.8,56.8,0,14,4,Default
"Unbroken: A World War II Story of Survival, Resilience, and Redemption",45.95,45.95,0,14,2,Default
A Visit from the Goon Squad,14.08,14.08,0,3,5,Default
Vogue Colors A to Z: A Fashion Coloring Book,52.35,52.35,0,4,4,Default
City of Bones (The Mortal Instruments #1),43.28,43.28,0,14,1,Default
Eureka Trivia 6.0,54.59,54.59,0,15,4,Default
Ender's Game (The Ender Quintet #1),43.64,43.64,0,8,1,Default
Packing for Mars: The Curious Science of Life in the Void,56.68,56.68,0,3,2,Default
Is Everyone Hanging Out Without Me? (And Other Concerns),20.11,20.11,0,3,3,Default
On the Road (Duluoz Legend),32.36,32.36,0,1,3,Default
Raspberry Pi Electronics Projects for the Evil Genius,49.67,49.67,0,12,4,Default
Left Behind (Left Behind #1),40.72,40.72,0,8,2,Default
John Vassos: Industrial Design for Modern Life,20.22,20.22,0,8,4,Default
Carrie,46.23,46.23,0,14,2,Default
Wildlife of New York: A Five-Borough Coloring Book,22.14,22.14,0,7,2,Default
Lady Midnight (The Dark Artifices #1),16.28,16.28,0,14,5,Default
The Goldfinch,43.58,43.58,0,3,3,Default
Frankenstein,38.0,38.0,0,1,2,Default
Eleanor & Park,56.51,56.51,0,12,5,Default
The 7 Habits of Highly Effective People: Powerful Lessons in Personal Change,33.17,33.17,0,7,4,Default
Beautiful Creatures (Caster Chronicles #1),21.55,21.55,0,3,5,Default
"Lean In: Women, Work, and the Will to Lead",25.02,25.02,0,3,1,Default
"David and Goliath: Underdogs, Misfits, and the Art of Battling Giants",17.81,17.81,0,3,1,Default
"Blue Lily, Lily Blue (The Raven Cycle #3)",34.13,34.13,0,5,5,Default
Daily Fantasy Sports,36.58,36.58,0,14,1,Default
Taking Shots (Assassins #1),18.88,18.88,0,1,2,Default
"Carry On, Warrior: Thoughts on Life Unarmed",31.85,31.85,0,14,3,Default
Romero and Juliet: A Tragic Tale of Love and Zombies,36.94,36.94,0,15,1,Default
The Songs of the Gods,44.48,44.48,0,14,5,Default
Secrets and Lace (Fatal Hearts #1),20.27,20.27,0,15,1,Default
The Girl on the Train,55.02,55.02,0,15,2,Default
The Unlikely Pilgrimage of Harold Fry (Harold Fry #1),43.62,43.62,0,8,5,Default
The Year of Living Biblically: One Man's Humble Quest to Follow the Bible as Literally as Possible,34.72,34.72,0,7,1,Default
The Good Girl,49.03,49.03,0,7,3,Default
Remember Me?,11.48,11.48,0,5,3,Default
The Rosie Project (Don Tillman #1),54.04,54.04,0,14,1,Default
Dead Wake: The Last Crossing of the Lusitania,39.24,39.24,0,3,5,Default
Eclipse (Twilight #3),18.74,18.74,0,3,1,Default
World War Z: An Oral History of the Zombie War,21.8,21.8,0,3,1,Default
Underlying Notes,11.82,11.82,0,9,2,Default
Steal Like an Artist: 10 Things Nobody Told You About Being Creative,20.9,20.9,0,7,2,Default
City of Fallen Angels (The Mortal Instruments #4),11.23,11.23,0,14,4,Default
I'll Give You the Sun,56.48,56.48,0,8,1,Default
Mesaerion: The Best Science Fiction Stories 1800-1849,37.59,37.59,0,19,1,Science Fiction
The Last Girl (The Dominion Trilogy #1),36.26,36.26,0,1,2,Science Fiction
"Life, the Universe and Everything (Hitchhiker's Guide to the Galaxy #3)",33.26,33.26,0,3,2,Science Fiction
"William Shakespeare's Star Wars: Verily, A New Hope (William Shakespeare's Star Wars #4)",43.3,43.3,0,15,4,Science Fiction
Soft Apocalypse,26.12,26.12,0,15,2,Science Fiction
Arena,21.36,21.36,0,11,4,Science Fiction
Dune (Dune #1),54.86,54.86,0,3,1,Science Fiction
The Project,10.65,10.65,0,15,1,Science Fiction
Having the Barbarian's Baby (Ice Planet Barbarians #7.5),34.96,34.96,0,1,4,Science Fiction
Do Androids Dream of Electric Sheep? (Blade Runner #1),51.48,51.48,0,3,1,Science Fiction
Join,35.67,35.67,0,16,5,Science Fiction
Sleeping Giants (Themis Files #1),48.74,48.74,0,11,1,Science Fiction
Foundation (Foundation (Publication Order) #1),32.42,32.42,0,5,1,Science Fiction
Ready Player One,19.07,19.07,0,3,4,Science Fiction
The Restaurant at the End of the Universe (Hitchhiker's Guide to the Galaxy #2),10.92,10.92,0,3,1,Science Fiction
Three Wishes (River of Time: California #1),44.18,44.18,0,1,2,Science Fiction
Sugar Rush (Offensive Line #2),24.42,24.42,0,2,1,Sports and Games
"Friday Night Lights: A Town, a Team, and a Dream",51.22,51.22,0,3,3,Sports and Games
The Book of Basketball: The NBA According to The Sports Guy,44.84,44.84,0,3,5,Sports and Games
Settling the Score (The Summer Games #1),44.91,44.91,0,1,2,Sports and Games
Icing (Aces Hockey #2),40.44,40.44,0,1,4,Sports and Games
The Dovekeepers,48.78,48.78,0,14,1,Add a comment
Find Her (Detective D.D. Warren #8),22.37,22.37,0,5,1,Add a comment
The Odyssey,29.64,29.64,0,1,3,Add a comment
The Raven King (The Raven Cycle #4),30.57,30.57,0,5,2,Add a comment
A People's History of the United States,40.79,40.79,0,14,2,Add a comment
The Purpose Driven Life: What on Earth Am I Here for?,37.19,37.19,0,3,3,Add a comment
Judo: Seven Steps to Black Belt (an Introductory Guide for Beginners),53.9,53.9,0,16,2,Add a comment
The Children,11.88,11.88,0,12,3,Add a comment
Pride and Prejudice,19.27,19.27,0,6,4,Add a comment
The White Queen (The Cousins' War #1),25.91,25.91,0,14,5,Add a comment
Good in Bed (Cannie Shapiro #1),37.05,37.05,0,7,5,Add a comment
The God Delusion,46.85,46.85,0,6,3,Add a comment
The Light of the Fireflies,54.43,54.43,0,1,1,Add a comment
The Drowning Girls,35.67,35.67,0,7,3,Add a comment
The Tipping Point: How Little Things Can Make a Big Difference,10.02,10.02,0,3,2,Add a comment
The Glass Castle,16.24,16.24,0,7,1,Add a comment
"A Series of Catastrophes and Miracles: A True Story of Love, Science, and Cancer",56.48,56.48,0,14,2,Add a comment
The Catcher in the Rye,24.55,24.55,0,3,1,Add a comment
The Torch Is Passed: A Harding Family Story,19.09,19.09,0,16,1,Add a comment
The Joy of Cooking,43.27,43.27,0,6,4,Add a comment
Code Name Verity (Code Name Verity #1),22.13,22.13,0,14,4,Add a comment
The Sense of an Ending,31.38,31.38,0,2,3,Add a comment
Cosmos,36.17,36.17,0,3,2,Add a comment
Watchmen,58.05,58.05,0,9,4,Add a comment
The Midnight Watch: A Novel of the Titanic and the Californian,26.2,26.2,0,12,1,Add a comment
A Brush of Wings (Angels Walking #3),55.51,55.51,0,14,1,Add a comment
Team of Rivals: The Political Genius of Abraham Lincoln,20.12,20.12,0,7,5,Add a comment
The Song of Achilles,37.4,37.4,0,14,5,Add a comment
One with You (Crossfire #5),15.71,15.71,0,12,4,Add a comment
The Communist Manifesto,14.76,14.76,0,1,3,Add a comment
Angels Walking (Angels Walking #1),34.2,34.2,0,14,2,Add a comment
The Immortal Life of Henrietta Lacks,40.67,40.67,0,14,2,Add a comment
Fire Bound (Sea Haven/Sisters of the Heart #5),21.28,21.28,0,3,4,Add a comment
Evicted: Poverty and Profit in the American City,42.27,42.27,0,5,1,Add a comment
Seven Days in the Art World,52.33,52.33,0,3,2,Add a comment
Cell,20.29,20.29,0,14,4,Add a comment
"Shobu Samurai, Project Aryoku (#3)",29.06,29.06,0,15,3,Add a comment
Sarah's Key,46.29,46.29,0,3,1,Add a comment
The Rest Is Noise: Listening to the Twentieth Century,34.77,34.77,0,3,1,Add a comment
"The Mindfulness and Acceptance Workbook for Anxiety: A Guide to Breaking Free from Anxiety, Phobias, and Worry Using Acceptance and Commitment Therapy",23.89,23.89,0,16,4,Add a comment
The Republic,33.78,33.78,0,1,3,Add a comment
The Girl Who Kicked the Hornet's Nest (Millennium Trilogy #3),57.48,57.48,0,3,1,Add a comment
"The End of Faith: Religion, Terror, and the Future of Reason",22.13,22.13,0,3,4,Add a comment
Fun Home: A Family Tragicomic,56.59,56.59,0,6,4,Add a comment
The Golden Compass (His Dark Materials #1),18.77,18.77,0,6,1,Add a comment
A Clash of Kings (A Song of Ice and Fire #2),10.79,10.79,0,5,3,Add a comment
The Art Forger,40.76,40.76,0,16,3,Add a comment
The Complete Poems,41.32,41.32,0,3,5,Add a comment
Without Shame,48.27,48.27,0,9,5,Add a comment
The Gray Rhino: How to Recognize and Act on the Obvious Dangers We Ignore,59.15,59.15,0,12,4,Add a comment
More Than Music (Chasing the Dream #1),37.61,37.61,0,14,2,Add a comment
John Adams,57.43,57.43,0,7,4,Add a comment
The Blind Side: Evolution of a Game,53.71,53.71,0,3,5,Add a comment
On a Midnight Clear,14.07,14.07,0,16,3,Add a comment
23 Degrees South: A Tropical Tale of Changing Whether...,35.79,35.79,0,9,2,Add a comment
Manuscript Found in Accra,34.98,34.98,0,3,2,Add a comment
Rogue Lawyer (Rogue Lawyer #1),50.11,50.11,0,3,3,Add a comment
The Iliad,16.16,16.16,0,1,1,Add a comment
Modern Romance,28.26,28.26,0,15,5,Add a comment
A Game of Thrones (A Song of Ice and Fire #1),46.42,46.42,0,5,2,Add a comment
Rook,37.86,37.86,0,13,4,Add a comment
Lord of the Flies,24.89,24.89,0,1,3,Add a comment
The Case for Christ (Cases for Christianity),47.84,47.84,0,3,1,Add a comment
A Hero's Curse (The Unseen Chronicles #1),50.49,50.49,0,9,3,Add a comment
The Hitchhiker's Guide to the Galaxy (Hitchhiker's Guide to the Galaxy #1),47.8,47.8,0,3,3,Add a comment
Mere Christianity,48.51,48.51,0,6,3,Add a comment
#GIRLBOSS,50.96,50.96,0,3,1,Add a comment
The Star-Touched Queen,46.02,46.02,0,14,5,Fantasy
Throne of Glass (Throne of Glass #1),35.07,35.07,0,15,3,Fantasy
The Rose & the Dagger (The Wrath and the Dawn #2),58.64,58.64,0,3,4,Fantasy
Searching for Meaning in Gailana,38.73,38.73,0,13,1,Fantasy
"Avatar: The Last Airbender: Smoke and Shadow, Part 3 (Smoke and Shadow #3)",28.09,28.09,0,16,2,Fantasy
Tell the Wind and Fire,45.51,45.51,0,5,3,Fantasy
The Star-Touched Queen,32.3,32.3,0,12,5,Fantasy
One Second (Seven #7),52.94,52.94,0,1,2,Fantasy
City of Glass (The Mortal Instruments #3),56.02,56.02,0,14,4,Fantasy
Harry Potter and the Half-Blood Prince (Harry Potter #6),48.75,48.75,0,4,5,Fantasy
Princess Between Worlds (Wide-Awake Princess #5),13.34,13.34,0,16,5,Fantasy
A Court of Thorns and Roses (A Court of Thorns and Roses #1),52.37,52.37,0,16,1,Fantasy
Every Heart a Doorway (Every Heart A Doorway #1),12.16,12.16,0,7,5,Fantasy
Heir to the Sky,44.07,44.07,0,3,4,Fantasy
The Bane Chronicles (The Bane Chronicles #1-11),44.73,44.73,0,14,4,Fantasy
Island of Dragons (Unwanteds #7),29.65,29.65,0,14,1,Fantasy
The Mirror & the Maze (The Wrath and the Dawn #1.5),29.38,29.38,0,1,1,Fantasy
The Demonists (Demonist #1),52.11,52.11,0,4,2,Fantasy
A Gathering of Shadows (Shades of Magic #2),44.81,44.81,0,7,4,Fantasy
The False Prince (The Ascendance Trilogy #1),56.0,56.0,0,5,5,Fantasy
Masks and Shadows,56.4,56.4,0,16,2,Fantasy
Harry Potter and the Chamber of Secrets (Harry Potter #2),14.74,14.74,0,4,1,Fantasy
The Hidden Oracle (The Trials of Apollo #1),52.26,52.26,0,14,2,Fantasy
Myriad (Prentor #1),58.75,58.75,0,1,4,Fantasy
Unicorn Tracks,18.78,18.78,0,16,3,Fantasy
Eragon (The Inheritance Cycle #1),43.87,43.87,0,3,3,Fantasy
Midnight Riot (Peter Grant/ Rivers of London - books #1),55.46,55.46,0,3,2,Fantasy
A Storm of Swords (A Song of Ice and Fire #3),31.22,31.22,0,3,2,Fantasy
Darkfever (Fever #1),56.02,56.02,0,3,1,Fantasy
Demigods & Magicians: Percy and Annabeth Meet the Kanes (Percy Jackson & Kane Chronicles Crossover #1-3),37.51,37.51,0,14,5,Fantasy
Ash,22.06,22.06,0,3,4,Fantasy
Sister Sable (The Mad Queen #1),13.33,13.33,0,1,3,Fantasy
A Feast for Crows (A Song of Ice and Fire #4),17.21,17.21,0,5,4,Fantasy
The Silent Twin (Detective Jennifer Knight #3),36.25,36.25,0,1,3,Fantasy
Hollow City (Miss Peregrineâs Peculiar Children #2),42.98,42.98,0,15,1,Fantasy
Harry Potter and the Order of the Phoenix (Harry Potter #5),31.63,31.63,0,4,4,Fantasy
Vampire Girl (Vampire Girl #1),53.82,53.82,0,1,2,Fantasy
King's Folly (The Kinsman Chronicles #1),39.61,39.61,0,7,5,Fantasy
"Saga, Volume 6 (Saga (Collected Editions) #6)",25.02,25.02,0,16,3,Fantasy
The Beast (Black Dagger Brotherhood #14),46.08,46.08,0,4,5,Fantasy
The Glittering Court (The Glittering Court #1),44.28,44.28,0,15,1,Fantasy
The Raven Boys (The Raven Cycle #1),57.74,57.74,0,5,4,Fantasy
Crown of Midnight (Throne of Glass #2),43.29,43.29,0,16,3,Fantasy
A Shard of Ice (The Black Symphony Saga #1),56.63,56.63,0,9,3,Fantasy
Shadow Rites (Jane Yellowrock #10),21.72,21.72,0,1,4,Fantasy
Origins (Alphas 0.5),28.99,28.99,0,1,1,Fantasy
Paper and Fire (The Great Library #2),49.45,49.45,0,4,5,Fantasy
Soldier (Talon #3),24.72,24.72,0,3,2,Fantasy
Without Borders (Wanderlove #1),45.07,45.07,0,16,2,New Adult
Off Sides (Off #1),39.45,39.45,0,1,5,New Adult
The Hook Up (Game On #1),36.29,36.29,0,1,5,New Adult
The Matchmaker's Playbook (Wingmen Inc. #1),55.85,55.85,0,15,1,New Adult
Shameless,58.35,58.35,0,1,3,New Adult
The Mistake (Off-Campus #2),43.29,43.29,0,15,3,New Adult
No Love Allowed (Dodge Cove #1),54.65,54.65,0,12,4,Young Adult
"Will Grayson, Will Grayson (Will Grayson, Will Grayson)",47.31,47.31,0,5,4,Young Adult
Girl Online On Tour (Girl Online #2),53.47,53.47,0,2,1,Young Adult
Two Boys Kissing,32.74,32.74,0,3,2,Young Adult
Library of Souls (Miss Peregrineâs Peculiar Children #3),48.56,48.56,0,15,5,Young Adult
Walk the Edge (Thunder Road #2),32.36,32.36,0,3,3,Young Adult
Two Summers,14.64,14.64,0,5,1,Young Adult
My Kind of Crazy,40.36,40.36,0,14,1,Young Adult
South of Sunshine,28.93,28.93,0,8,1,Young Adult
Annie on My Mind,36.83,36.83,0,3,5,Young Adult
Legend (Legend #1),43.69,43.69,0,3,4,Young Adult
A Fierce and Subtle Poison,28.13,28.13,0,16,4,Young Adult
Scarlet (The Lunar Chronicles #2),14.57,14.57,0,3,4,Young Adult
Golden (Heart of Dread #3),42.21,42.21,0,3,4,Young Adult
Obsidian (Lux #1),14.86,14.86,0,16,2,Young Adult
Burning,28.81,28.81,0,16,3,Young Adult
Don't Get Caught,55.35,55.35,0,14,1,Young Adult
The Darkest Lie,35.35,35.35,0,14,5,Young Adult
Aristotle and Dante Discover the Secrets of the Universe (Aristotle and Dante Discover the Secrets of the Universe #1),58.14,58.14,0,14,4,Young Adult
Tell the Wolves I'm Home,50.96,50.96,0,6,2,Young Adult
The New Guy (and Other Senior Year Distractions),44.92,44.92,0,3,3,Young Adult
The Darkest Corners,11.33,11.33,0,5,5,Young Adult
New Moon (Twilight #2),12.86,12.86,0,2,4,Young Adult
Nightstruck: A Novel,50.35,50.35,0,7,4,Young Adult
An Abundance of Katherines,10.0,10.0,0,5,5,Young Adult
Until Friday Night (The Field Party #1),46.31,46.31,0,14,2,Young Adult
"The Land of 10,000 Madonnas",29.64,29.64,0,3,4,Young Adult
The Haters,27.89,27.89,0,1,5,Young Adult
Cinder (The Lunar Chronicles #1),26.09,26.09,0,3,1,Young Adult
"Exit, Pursued by a Bear",51.34,51.34,0,11,4,Young Adult
Where She Went (If I Stay #2),41.73,41.73,0,5,4,Young Adult
Frostbite (Vampire Academy #2),29.99,29.99,0,15,5,Young Adult
Boy Meets Boy,21.12,21.12,0,3,3,Young Adult
Stars Above (The Lunar Chronicles #4.5),48.05,48.05,0,12,2,Young Adult
Catching Jordan (Hundred Oaks),50.83,50.83,0,14,3,Young Adult
Harry Potter and the Prisoner of Azkaban (Harry Potter #3),24.17,24.17,0,4,4,Young Adult
The Natural History of Us (The Fine Art of Pretending #2),45.22,45.22,0,16,3,Young Adult
Tell Me Three Things,41.81,41.81,0,5,1,Young Adult
Scarlett Epstein Hates It Here,43.55,43.55,0,15,5,Young Adult
Wild Swans,14.36,14.36,0,14,2,Young Adult
This Is Where It Ends,27.12,27.12,0,14,2,Young Adult
Don't Forget Steven,33.23,33.23,0,9,1,Young Adult
Isla and the Happily Ever After (Anna and the French Kiss #3),48.13,48.13,0,5,5,Young Adult
Kill the Boy Band,15.52,15.52,0,5,5,Young Adult
Future Shock (Future Shock #1),55.65,55.65,0,8,5,Young Adult
Set Me Free,17.46,17.46,0,19,5,Young Adult
Lola and the Boy Next Door (Anna and the French Kiss #2),23.63,23.63,0,5,4,Young Adult
The Epidemic (The Program 0.6),14.44,14.44,0,12,5,Young Adult
The Requiem Red,22.65,22.65,0,19,1,Young Adult
My Life Next Door (My Life Next Door ),36.39,36.39,0,8,5,Young Adult
"Nightingale, Sing",38.28,38.28,0,15,1,Young Adult
Lady Renegades (Rebel Belle #3),53.04,53.04,0,3,5,Young Adult
The Alien Club,54.4,54.4,0,9,1,Young Adult
The Art of Not Breathing,40.83,40.83,0,1,4,Young Adult
Peak: Secrets from the New Science of Expertise,16.28,16.28,0,5,2,Science
"The Elegant Universe: Superstrings, Hidden Dimensions, and the Quest for the Ultimate Theory",13.03,13.03,0,3,4,Science
The Most Perfect Thing: Inside (and Outside) a Bird's Egg,42.96,42.96,0,16,4,Science
"The Fabric of the Cosmos: Space, Time, and the Texture of Reality",55.91,55.91,0,9,1,Science
"Surely You're Joking, Mr. Feynman!: Adventures of a Curious Character",25.83,25.83,0,3,2,Science
The Origin of Species,10.01,10.01,0,7,4,Science
Seven Brief Lessons on Physics,30.6,30.6,0,3,4,Science
Immunity: How Elie Metchnikoff Changed the Course of Modern Medicine,57.36,57.36,0,16,5,Science
The Selfish Gene,29.45,29.45,0,1,1,Science
Sorting the Beef from the Bull: The Science of Food Fraud Forensics,44.74,44.74,0,14,4,Science
Tipping Point for Planet Earth: How Close Are We to the Edge?,37.55,37.55,0,12,1,Science
Diary of a Citizen Scientist: Chasing Tiger Beetles and Other New Ways of Engaging the World,28.41,28.41,0,8,1,Science
"The Disappearing Spoon: And Other True Tales of Madness, Love, and the History of the World from the Periodic Table of the Elements",57.35,57.35,0,3,5,Science
The Grand Design,13.76,13.76,0,5,3,Science
"Quarter Life Poetry: Poems for the Young, Broke and Hangry",50.89,50.89,0,14,5,Poetry
The Collected Poems of W.B. Yeats (The Collected Works of W.B. Yeats #1),15.42,15.42,0,6,5,Poetry
The Black Maria,52.15,52.15,0,19,1,Poetry
Olio,23.88,23.88,0,19,1,Poetry
Slow States of Collapse: Poems,57.31,57.31,0,17,3,Poetry
Leave This Song Behind: Teen Poetry at Its Best,51.17,51.17,0,7,5,Poetry
Night Sky with Exit Wounds,41.05,41.05,0,15,1,Poetry
Howl and Other Poems,40.45,40.45,0,8,2,Poetry
A Light in the Attic,51.77,51.77,0,22,3,Poetry
Booked,17.49,17.49,0,5,5,Poetry
Les Fleurs du Mal,29.04,29.04,0,8,5,Poetry
The Crossover,38.77,38.77,0,5,4,Poetry
You can't bury them all: Poems,33.63,33.63,0,17,2,Poetry
Twenty Love Poems and a Song of Despair,30.95,30.95,0,1,4,Poetry
salt.,46.78,46.78,0,14,4,Poetry
Shakespeare's Sonnets,20.66,20.66,0,19,4,Poetry
Untitled Collection: Sabbath Poems 2014,14.27,14.27,0,16,4,Poetry
Out of Print: City Lights Spotlight No. 14,53.64,53.64,0,8,5,Poetry
Poems That Make Grown Women Cry,14.19,14.19,0,15,4,Poetry
"Vampire Knight, Vol. 1 (Vampire Knight #1)",15.4,15.4,0,1,1,Paranormal
History of Beauty,10.29,10.29,0,8,4,Art
The Story of Art,41.14,41.14,0,7,4,Art
Ways of Seeing,39.51,39.51,0,1,5,Art
Wall and Piece,44.18,44.18,0,18,4,Art
Feathers: Displays of Brilliant Plumage,49.05,49.05,0,14,3,Art
Art and Fear: Observations on the Perils (and Rewards) of Artmaking,48.63,48.63,0,9,4,Art
The New Drawing on the Right Side of the Brain,43.02,43.02,0,8,3,Art
The Art Book,32.34,32.34,0,7,2,Art
The Golden Condom: And Other Essays on Love Lost and Found,39.43,39.43,0,12,1,Psychology
"Thinking, Fast and Slow",21.14,21.14,0,3,1,Psychology
8 Keys to Mental Health Through Exercise,31.04,31.04,0,3,1,Psychology
An Unquiet Mind: A Memoir of Moods and Madness,21.3,21.3,0,6,3,Psychology
It Didn't Start with You: How Inherited Family Trauma Shapes Who We Are and How to End the Cycle,56.27,56.27,0,11,3,Psychology
Civilization and Its Discontents,59.95,59.95,0,3,2,Psychology
The Lucifer Effect: Understanding How Good People Turn Evil,10.4,10.4,0,14,1,Psychology
Lust & Wonder,11.87,11.87,0,3,2,Autobiography
Running with Scissors,12.91,12.91,0,3,4,Autobiography
Approval Junkie: Adventures in Caring Too Much,58.81,58.81,0,5,5,Autobiography
A Heartbreaking Work of Staggering Genius,54.29,54.29,0,3,5,Autobiography
Life Without a Recipe,59.04,59.04,0,3,5,Autobiography
M Train,27.18,27.18,0,11,1,Autobiography
Me Talk Pretty One Day,57.6,57.6,0,3,2,Autobiography
The Argonauts,10.93,10.93,0,15,2,Autobiography
Lab Girl,40.85,40.85,0,11,1,Autobiography
Catastrophic Happiness: Finding Joy in Childhood's Messy Years,37.35,37.35,0,3,2,Parenting
Fifty Shades Freed (Fifty Shades #3),15.36,15.36,0,3,5,Adult Fiction
Naked,31.69,31.69,0,3,3,Humor
Old School (Diary of a Wimpy Kid #10),11.83,11.83,0,14,5,Humor
Dress Your Family in Corduroy and Denim,43.68,43.68,0,9,3,Humor
I Know What I'm Doing -- and Other Lies I Tell Myself: Dispatches from a Life Under Construction,25.98,25.98,0,14,4,Humor
"Lamb: The Gospel According to Biff, Christ's Childhood Pal",55.5,55.5,0,3,5,Humor
"Hyperbole and a Half: Unfortunate Situations, Flawed Coping Mechanisms, Mayhem, and Other Things That Happened",14.75,14.75,0,14,5,Humor
The Long Haul (Diary of a Wimpy Kid #9),44.07,44.07,0,14,1,Humor
Holidays on Ice,51.07,51.07,0,3,2,Humor
When You Are Engulfed in Flames,30.89,30.89,0,3,5,Humor
Toddlers Are A**holes: It's Not Your Fault,25.55,25.55,0,7,1,Humor
Night Shift (Night Shift #1-20),12.75,12.75,0,4,4,Horror
The Loney,23.4,23.4,0,14,1,Horror
Needful Things,47.51,47.51,0,4,4,Horror
Red Dragon (Hannibal Lecter #1),23.37,23.37,0,5,3,Horror
Doctor Sleep (The Shining #2),40.12,40.12,0,14,2,Horror
It,25.01,25.01,0,4,3,Horror
Misery,34.79,34.79,0,4,2,Horror
The Stand,57.86,57.86,0,3,2,Horror
Follow You Home,21.36,21.36,0,15,1,Horror
House of Leaves,54.89,54.89,0,3,1,Horror
Security,39.25,39.25,0,16,2,Horror
'Salem's Lot,49.56,49.56,0,4,4,Horror
Dracula the Un-Dead,35.63,35.63,0,5,5,Horror
The Girl with All the Gifts,49.47,49.47,0,3,3,Horror
Pet Sematary,10.56,10.56,0,14,3,Horror
Can You Keep a Secret? (Fear Street Relaunch #4),48.64,48.64,0,12,1,Horror
Psycho: Sanitarium (Psycho #1.5),36.97,36.97,0,12,5,Horror
"Political Suicide: Missteps, Peccadilloes, Bad Calls, Backroom Hijinx, Sordid Pasts, Rotten Breaks, and Just Plain Dumb Mistakes in the Annals of American Politics",36.28,36.28,0,16,2,History
Thomas Jefferson and the Tripoli Pirates: The Forgotten War That Changed American History,59.64,59.64,0,15,1,History
"""Most Blessed of the Patriarchs"": Thomas Jefferson and the Empire of the Imagination",44.48,44.48,0,8,5,History
The Hiding Place,55.91,55.91,0,5,4,History
Sapiens: A Brief History of Humankind,54.23,54.23,0,20,5,History
1491: New Revelations of the Americas Before Columbus,21.8,21.8,0,14,3,History
America's War for the Greater Middle East: A Military History,51.22,51.22,0,5,2,History
Catherine the Great: Portrait of a Woman,58.55,58.55,0,6,4,History
"Unbound: How Eight Technologies Made Us Human, Transformed Society, and Brought Our World to the Brink",25.52,25.52,0,16,1,History
Zealot: The Life and Times of Jesus of Nazareth,24.7,24.7,0,14,3,History
A Distant Mirror: The Calamitous 14th Century,14.58,14.58,0,14,3,History
"House of Lost Worlds: Dinosaurs, Dynasties, and the Story of Life on Earth",43.7,43.7,0,3,2,History
The Rise and Fall of the Third Reich: A History of Nazi Germany,39.67,39.67,0,6,2,History
The Mathews Men: Seven Brothers and the War Against Hitler's U-boats,42.91,42.91,0,5,5,History
Brilliant Beacons: A History of the American Lighthouse,11.45,11.45,0,8,3,History
The Guns of August,14.54,14.54,0,3,2,History
A Short History of Nearly Everything,52.4,52.4,0,7,5,History
The Age of Genius: The Seventeenth Century and the Birth of the Modern Mind,19.73,19.73,0,16,1,History
"Layered: Baking, Building, and Styling Spectacular Cakes",40.11,40.11,0,16,1,Food and Drink
The Power Greens Cookbook: 140 Delicious Superfood Recipes,11.05,11.05,0,5,5,Food and Drink
Cravings: Recipes for What You Want to Eat,20.5,20.5,0,11,3,Food and Drink
My Kitchen Year: 136 Recipes That Saved My Life,11.53,11.53,0,13,2,Food and Drink
Hungry Girl Clean & Hungry: Easy All-Natural Recipes for Healthy Eating in the Real World,33.14,33.14,0,3,3,Food and Drink
The Nerdy Nummies Cookbook: Sweet Treats for the Geek in All of Us,37.34,37.34,0,15,5,Food and Drink
"The Art of Simple Food: Notes, Lessons, and Recipes from a Delicious Revolution",34.32,34.32,0,3,3,Food and Drink
The Barefoot Contessa Cookbook,59.92,59.92,0,6,5,Food and Drink
My Paris Kitchen: Recipes and Stories,33.37,33.37,0,16,2,Food and Drink
The Cookies & Cups Cookbook: 125+ sweet & savory recipes reminding you to Always Eat Dessert First,41.25,41.25,0,15,1,Food and Drink
"Deliciously Ella Every Day: Quick and Easy Recipes for Gluten-Free Snacks, Packed Lunches, and Simple Meals",42.16,42.16,0,15,3,Food and Drink
"Mama Tried: Traditional Italian Cooking for the Screwed, Crude, Vegan, and Tattooed",14.02,14.02,0,16,4,Food and Drink
"A la Mode: 120 Recipes in 60 Pairings: Pies, Tarts, Cakes, Crisps, and More Topped with Ice Cream, Gelato, Frozen Custard, and More",38.77,38.77,0,12,1,Food and Drink
Mexican Today: New and Rediscovered Recipes for Contemporary Kitchens,24.91,24.91,0,5,5,Food and Drink
How to Be a Domestic Goddess: Baking and the Art of Comfort Cooking,28.25,28.25,0,7,2,Food and Drink
"Foolproof Preserving: A Guide to Small Batch Jams, Jellies, Pickles, Condiments, and More: A Foolproof Guide to Making Small Batch Jams, Jellies, Pickles, Condiments, and More",30.52,30.52,0,19,3,Food and Drink
Everyday Italian: 125 Simple and Delicious Recipes,20.1,20.1,0,12,5,Food and Drink
The Smitten Kitchen Cookbook,23.59,23.59,0,3,1,Food and Drink
The Love and Lemons Cookbook: An Apple-to-Zucchini Celebration of Impromptu Cooking,37.6,37.6,0,15,2,Food and Drink
32 Yolks,53.63,53.63,0,8,2,Food and Drink
Better Homes and Gardens New Cook Book,39.61,39.61,0,6,3,Food and Drink
"The Pioneer Woman Cooks: Dinnertime: Comfort Classics, Freezer Food, 16-Minute Meals, and Other Delicious Ways to Solve Supper!",56.41,56.41,0,16,1,Food and Drink
How to Cook Everything Vegetarian: Simple Meatless Recipes for Great Food (How to Cook Everything),46.01,46.01,0,7,4,Food and Drink
Barefoot Contessa at Home: Everyday Recipes You'll Make Over and Over Again,50.62,50.62,0,14,5,Food and Drink
"Naturally Lean: 125 Nourishing Gluten-Free, Plant-Based Recipes--All Under 300 Calories",11.38,11.38,0,7,5,Food and Drink
Vegan Vegetarian Omnivore: Dinner for Everyone at the Table,13.66,13.66,0,3,2,Food and Drink
The Help Yourself Cookbook for Kids: 60 Easy Plant-Based Recipes Kids Can Make to Stay Healthy and Save the Earth,28.77,28.77,0,14,3,Food and Drink
Barefoot Contessa Back to Basics,28.01,28.01,0,14,1,Food and Drink
"The Moosewood Cookbook: Recipes from Moosewood Restaurant, Ithaca, New York",12.34,12.34,0,9,4,Food and Drink
"It's All Easy: Healthy, Delicious Weeknight Meals in under 30 Minutes",19.55,19.55,0,14,1,Food and Drink
Redeeming Love,20.47,20.47,0,15,5,Christian Fiction
Shadows of the Past (Logan Point #1),39.67,39.67,0,8,5,Christian Fiction
Like Never Before (Walker Family #2),28.77,28.77,0,7,2,Christian Fiction
Close to You,49.46,49.46,0,15,4,Christian Fiction
If I Run (If I Run #1),49.97,49.97,0,3,4,Christian Fiction
Counted With the Stars (Out from Egypt #1),17.97,17.97,0,7,5,Christian Fiction
The Third Wave: An Entrepreneurâs Vision of the Future,12.61,12.61,0,15,5,Business
The 10% Entrepreneur: Live Your Startup Dream Without Quitting Your Day Job,27.55,27.55,0,15,3,Business
The Dirty Little Secrets of Getting Your Dream Job,33.34,33.34,0,19,4,Business
Born for This: How to Find the Work You Were Meant to Do,21.59,21.59,0,11,5,Business
The Lean Startup: How Today's Entrepreneurs Use Continuous Innovation to Create Radically Successful Businesses,33.92,33.92,0,3,3,Business
The E-Myth Revisited: Why Most Small Businesses Don't Work and What to Do About It,36.91,36.91,0,8,1,Business
The Art of Startup Fundraising,21.0,21.0,0,11,3,Business
"Rich Dad, Poor Dad",51.74,51.74,0,7,1,Business
Rework,44.88,44.88,0,3,2,Business
Quench Your Own Thirst: Business Lessons Learned Over a Beer or Two,43.14,43.14,0,12,1,Business
Shoe Dog: A Memoir by the Creator of NIKE,23.99,23.99,0,15,2,Business
Made to Stick: Why Some Ideas Survive and Others Die,38.85,38.85,0,14,5,Business
The Faith of Christopher Hitchens: The Restless Soul of the World's Most Notorious Atheist,39.55,39.55,0,7,1,Biography
Benjamin Franklin: An American Life,48.19,48.19,0,7,3,Biography
Louisa: The Extraordinary Life of Mrs. Adams,16.85,16.85,0,15,2,Biography
"Setting the World on Fire: The Brief, Astonishing Life of St. Catherine of Siena",21.15,21.15,0,11,2,Biography
The Rise of Theodore Roosevelt (Theodore Roosevelt #1),42.57,42.57,0,3,3,Biography
The Guilty (Will Robie #4),13.82,13.82,0,14,2,Thriller
The Elephant Tree,23.82,23.82,0,18,5,Thriller
Give It Back,18.32,18.32,0,6,2,Thriller
Behind Closed Doors,52.22,52.22,0,18,4,Thriller
The Travelers,15.77,15.77,0,3,1,Thriller
The 14th Colony (Cotton Malone #11),39.24,39.24,0,14,1,Thriller
The Bone Hunters (Lexy Vaughan & Steven Macaulay #2),59.71,59.71,0,4,3,Thriller
Far From True (Promise Falls Trilogy #2),34.93,34.93,0,4,2,Thriller
Killing Floor (Jack Reacher #1),31.49,31.49,0,5,4,Thriller
In Her Wake,12.84,12.84,0,19,1,Thriller
You (You #1),43.61,43.61,0,14,5,Thriller
We Are All Completely Beside Ourselves,24.04,24.04,0,3,1,Contemporary
When We Collided,31.77,31.77,0,16,1,Contemporary
Someone Like You (The Harrisons #2),52.79,52.79,0,14,5,Contemporary
Unreasonable Hope: Finding Faith in the God Who Brings Purpose to Your Pain,46.33,46.33,0,7,2,Spirituality
A New Earth: Awakening to Your Life's Purpose,55.65,55.65,0,4,5,Spirituality
The Activist's Tao Te Ching: Ancient Advice for a Modern Revolution,32.24,32.24,0,16,5,Spirituality
The Four Agreements: A Practical Guide to Personal Freedom,17.66,17.66,0,18,5,Spirituality
If I Gave You God's Phone Number....: Searching for Spirituality in America,20.91,20.91,0,9,1,Spirituality
Chasing Heaven: What Dying Taught Me About Living,37.8,37.8,0,15,2,Spirituality
Logan Kade (Fallen Crest High #5.5),13.12,13.12,0,5,2,Academic
How to Be Miserable: 40 Strategies You Already Use,46.03,46.03,0,16,1,Self Help
You Are a Badass: How to Stop Doubting Your Greatness and Start Living an Awesome Life,12.08,12.08,0,7,3,Self Help
Online Marketing for Busy Authors: A Step-By-Step Guide,46.35,46.35,0,16,1,Self Help
How to Stop Worrying and Start Living,46.49,46.49,0,6,5,Self Help
"Overload: How to Unplug, Unwind, and Unleash Yourself from the Pressure of Stress",52.15,52.15,0,14,3,Self Help
The Girl You Left Behind (The Girl You Left Behind #1),15.79,15.79,0,6,1,Historical
All the Light We Cannot See,29.87,29.87,0,14,5,Historical
Blue Like Jazz: Nonreligious Thoughts on Christian Spirituality,25.77,25.77,0,7,1,Christian
(Un)Qualified: How God Uses Broken People to Do Big Things,54.0,54.0,0,16,5,Christian
Crazy Love: Overwhelmed by a Relentless God,47.72,47.72,0,14,2,Christian
Silence in the Dark (Logan Point #4),58.33,58.33,0,8,3,Suspense
The Grownup,35.88,35.88,0,8,1,Short Stories
Suzie Snowflake: One beautiful flake (a self-esteem story),54.81,54.81,0,9,5,Novels
10-Day Green Smoothie Cleanse: Lose Up to 15 Pounds in 10 Days!,49.71,49.71,0,10,5,Health
The Art and Science of Low Carbohydrate Living,52.98,52.98,0,9,5,Health
"The Bulletproof Diet: Lose up to a Pound a Day, Reclaim Energy and Focus, Upgrade Your Life",49.05,49.05,0,16,3,Health
"Eat Fat, Get Thin",54.07,54.07,0,14,2,Health
Why the Right Went Wrong: Conservatism--From Goldwater to the Tea Party and Beyond,52.65,52.65,0,14,4,Politics
Libertarianism for Beginners,51.33,51.33,0,19,2,Politics
Equal Is Unfair: America's Misguided Fight Against Income Inequality,56.86,56.86,0,12,1,Politics
Amid the Chaos,36.58,36.58,0,15,1,Cultural
Dark Notes,19.19,19.19,0,15,5,Erotica
The Long Shadow of Small Ghosts: Murder and Memory in an American City,10.97,10.97,0,15,1,Crime
